{"cameraMode":{"drawMode":0,"name":"Shaded","section":"Shading Mode"},"sceneLighting":true,"audioPlay":false,"sceneViewState":{"showFog":true,"showMaterialUpdate":false,"showSkybox":true,"showFlares":true,"showImageEffects":true,"showParticleSystems":true},"in2DMode":false,"pivot":{"x":136.72024536132813,"y":449.3160400390625,"z":20.876514434814454},"rotation":{"x":0.07283376157283783,"y":0.0014960113912820817,"z":-0.00010925301467068493,"w":0.9973430037498474},"size":650.7128295898438,"orthographic":false}