{"cameraMode":{"drawMode":0,"name":"Shaded","section":"Shading Mode"},"sceneLighting":true,"audioPlay":false,"sceneViewState":{"showFog":true,"showMaterialUpdate":false,"showSkybox":true,"showFlares":true,"showImageEffects":true,"showParticleSystems":true},"in2DMode":false,"pivot":{"x":-2.5153684616088869,"y":-17.583593368530275,"z":-1.5159364938735963},"rotation":{"x":0.4993970990180969,"y":-0.5005907416343689,"z":0.4976016581058502,"w":0.5023983120918274},"size":23.3666934967041,"orthographic":true}